time,X,sdX,mAB,sdmAB,ALA,sdALA,ARG,sdARG,ASN,sdASN,ASP,sdASP,CYS,sdCYS,EGLC,sdEGLC,EGLN,sdEGLN,EGLU,sdEGLU,EPYR,sdEPYR,GLY,sdGLY,HIS,sdHIS,ILE,sdILE,LAC,sdLAC,LEU,sdLEU,LYS,sdLYS,MET,sdMET,NH4,sdNH4,PHE,sdPHE,PRO,sdPRO,SER,sdSER,THR,sdTHR,TYR,sdTYR,VAL,sdVAL,V,sdV,Feed,Induc
0,4.000,0.400,0.000,0.000,1.110,0.111,6.060,0.606,11.170,1.117,4.470,0.447,2.500,0.250,72.550,7.255,6.210,0.621,0.970,0.097,0.230,0.023,0.650,0.065,1.500,0.150,8.170,0.817,5.220,0.522,10.840,1.084,5.750,0.575,2.230,0.223,2.120,0.212,3.420,0.342,8.980,0.898,10.700,1.070,5.200,0.520,2.320,0.232,7.620,0.762,0.270,0.027,0.001,0
12,8.320,0.832,50.207,5.021,2.036,0.204,8.738,0.874,10.872,1.087,4.004,0.400,2.425,0.243,0.000,0.000,6.865,0.686,0.840,0.084,4.564,0.456,0.000,0.000,1.806,0.181,9.680,0.968,11.051,1.105,9.399,0.940,5.773,0.577,2.236,0.224,5.618,0.562,4.147,0.415,9.333,0.933,8.161,0.816,5.608,0.561,2.310,0.231,9.875,0.987,0.277,0.028,0.001,0
24,5.960,0.596,114.116,11.412,1.830,0.183,6.803,0.680,10.090,1.009,3.292,0.329,2.593,0.259,236.922,23.692,4.417,0.442,0.738,0.074,0.334,0.033,0.283,0.028,1.421,0.142,7.470,0.747,13.693,1.369,10.698,1.070,4.328,0.433,2.004,0.200,10.441,1.044,4.782,0.478,10.442,1.044,13.547,1.355,3.459,0.346,2.011,0.201,9.934,0.993,0.284,0.028,0.001,0
36,12.468,1.247,34.223,3.422,4.013,0.401,4.591,0.459,8.424,0.842,2.576,0.258,2.010,0.201,231.434,23.143,2.929,0.293,0.656,0.066,1.921,0.192,1.003,0.100,1.427,0.143,7.261,0.726,20.825,2.082,12.141,1.214,4.838,0.484,2.058,0.206,9.903,0.990,2.964,0.296,10.830,1.083,10.025,1.003,4.106,0.411,1.916,0.192,18.082,1.808,0.291,0.029,0.001,0
48,14.586,1.459,72.429,7.243,5.564,0.556,5.789,0.579,7.539,0.754,0.978,0.098,2.316,0.232,215.042,21.504,3.192,0.319,0.668,0.067,2.188,0.219,1.794,0.179,2.429,0.243,13.566,1.357,19.503,1.950,12.449,1.245,3.915,0.392,2.091,0.209,10.371,1.037,3.807,0.381,12.754,1.275,17.461,1.746,3.804,0.380,1.687,0.169,8.247,0.825,0.298,0.030,0.001,0
60,15.145,1.514,50.882,5.088,8.252,0.825,5.324,0.532,5.441,0.544,0.000,0.000,2.193,0.219,244.151,24.415,4.268,0.427,0.703,0.070,1.911,0.191,2.767,0.277,0.105,0.010,11.911,1.191,18.867,1.887,10.137,1.014,3.908,0.391,2.380,0.238,15.630,1.563,4.763,0.476,12.305,1.230,12.017,1.202,4.532,0.453,1.587,0.159,7.197,0.720,0.305,0.031,0.001,0
72,17.767,1.777,0.000,0.000,10.508,1.051,10.437,1.044,4.167,0.417,0.000,0.000,2.029,0.203,205.451,20.545,3.547,0.355,0.914,0.091,4.455,0.445,0.000,0.000,2.128,0.213,12.434,1.243,18.215,1.822,10.990,1.099,3.761,0.376,1.901,0.190,16.675,1.668,5.719,0.572,16.284,1.628,17.034,1.703,5.006,0.501,1.479,0.148,9.944,0.994,0.312,0.031,0.001,0
84,20.081,2.008,20.571,2.057,12.192,1.219,5.988,0.599,3.644,0.364,0.360,0.036,2.435,0.244,397.213,39.721,2.945,0.294,1.141,0.114,4.818,0.482,3.201,0.320,0.972,0.097,15.485,1.548,13.227,1.323,11.929,1.193,3.682,0.368,2.223,0.222,26.929,2.693,7.175,0.717,13.831,1.383,9.591,0.959,3.997,0.400,1.226,0.123,10.863,1.086,0.320,0.032,0.001,0
96,24.113,2.411,0.000,0.000,11.117,1.112,9.179,0.918,2.686,0.269,0.000,0.000,2.432,0.243,398.806,39.881,2.886,0.289,1.120,0.112,10.610,1.061,5.484,0.548,1.655,0.166,16.980,1.698,10.410,1.041,12.322,1.232,3.030,0.303,2.199,0.220,27.691,2.769,6.829,0.683,18.741,1.874,15.336,1.534,4.292,0.429,1.154,0.115,15.511,1.551,0.344,0.034,0.004,1
108,21.333,2.133,937.612,93.761,11.960,1.196,9.939,0.994,2.437,0.244,0.245,0.025,2.299,0.230,534.705,53.470,4.783,0.478,0.732,0.073,11.072,1.107,3.602,0.360,1.061,0.106,20.305,2.031,8.201,0.820,14.429,1.443,2.607,0.261,2.189,0.219,27.848,2.785,10.484,1.048,16.543,1.654,18.201,1.820,6.818,0.682,0.610,0.061,20.584,2.058,0.397,0.040,0.004,1
120,14.715,1.471,1079.144,107.914,10.832,1.083,13.245,1.325,0.000,0.000,0.033,0.003,2.052,0.205,865.803,86.580,5.108,0.511,0.801,0.080,12.491,1.249,6.436,0.644,2.173,0.217,25.665,2.567,5.593,0.559,15.853,1.585,1.535,0.154,2.137,0.214,24.988,2.499,11.227,1.123,21.497,2.150,16.001,1.600,8.079,0.808,0.285,0.028,24.165,2.417,0.449,0.045,0.004,1
132,18.295,1.830,1078.593,107.859,11.074,1.107,12.130,1.213,0.182,0.018,0.360,0.036,2.620,0.262,839.544,83.954,7.277,0.728,0.844,0.084,20.214,2.021,6.905,0.691,2.806,0.281,27.382,2.738,1.436,0.144,15.320,1.532,1.599,0.160,2.406,0.241,27.916,2.792,13.341,1.334,22.029,2.203,23.076,2.308,8.023,0.802,0.382,0.038,29.385,2.939,0.502,0.050,0.004,1
144,13.872,1.387,1016.305,101.630,12.049,1.205,12.306,1.231,0.000,0.000,0.000,0.000,2.545,0.255,901.113,90.111,6.216,0.622,0.813,0.081,21.386,2.139,9.309,0.931,3.564,0.356,27.719,2.772,1.441,0.144,17.328,1.733,1.620,0.162,2.547,0.255,25.874,2.587,13.304,1.330,25.510,2.551,31.401,3.140,7.379,0.738,0.061,0.006,31.621,3.162,0.555,0.055,0.004,1
156,11.414,1.141,781.565,78.157,13.169,1.317,13.237,1.324,0.000,0.000,0.000,0.000,2.487,0.249,1006.512,100.651,9.706,0.971,1.146,0.115,20.009,2.001,13.231,1.323,2.878,0.288,27.107,2.711,0.663,0.066,15.654,1.565,1.399,0.140,2.357,0.236,25.458,2.546,13.370,1.337,26.967,2.697,31.787,3.179,4.883,0.488,0.023,0.002,34.809,3.481,0.608,0.061,0.004,1
168,11.038,1.104,1011.838,101.184,10.389,1.039,16.926,1.693,0.000,0.000,0.000,0.000,2.612,0.261,1023.401,102.340,10.091,1.009,1.144,0.114,18.750,1.875,13.768,1.377,4.267,0.427,28.646,2.865,1.340,0.134,20.650,2.065,1.603,0.160,2.763,0.276,23.788,2.379,13.244,1.324,22.646,2.265,30.495,3.050,1.914,0.191,0.000,0.000,39.445,3.945,0.660,0.066,0.004,1
180,8.819,0.882,867.339,86.734,11.105,1.111,16.637,1.664,0.000,0.000,0.727,0.073,2.608,0.261,1055.976,105.598,12.085,1.208,1.180,0.118,21.979,2.198,16.870,1.687,3.705,0.370,34.485,3.448,0.989,0.099,18.971,1.897,1.408,0.141,2.622,0.262,21.780,2.178,15.711,1.571,25.420,2.542,34.049,3.405,3.536,0.354,0.195,0.020,39.536,3.954,0.713,0.071,0.004,1
192,7.965,0.796,733.883,73.388,10.145,1.015,17.229,1.723,0.505,0.050,0.206,0.021,2.356,0.236,1433.423,143.342,14.230,1.423,1.269,0.127,23.516,2.352,19.720,1.972,4.593,0.459,28.536,2.854,1.377,0.138,18.766,1.877,1.052,0.105,2.822,0.282,21.092,2.109,17.015,1.702,26.103,2.610,38.637,3.864,1.705,0.171,0.181,0.018,34.142,3.414,0.766,0.077,0.004,1
204,9.084,0.908,832.097,83.210,11.175,1.117,20.199,2.020,0.000,0.000,0.345,0.034,2.688,0.269,1398.077,139.808,15.783,1.578,1.270,0.127,25.223,2.522,18.814,1.881,5.110,0.511,33.429,3.343,0.241,0.024,20.474,2.047,0.726,0.073,2.955,0.295,21.734,2.173,16.294,1.629,30.582,3.058,36.047,3.605,1.770,0.177,0.060,0.006,32.514,3.251,0.818,0.082,0.004,1
216,8.279,0.828,571.876,57.188,8.691,0.869,18.995,1.899,0.060,0.006,0.000,0.000,2.614,0.261,1314.602,131.460,14.537,1.454,1.149,0.115,24.895,2.489,19.358,1.936,5.151,0.515,29.431,2.943,0.223,0.022,19.363,1.936,1.809,0.181,2.748,0.275,17.870,1.787,16.461,1.646,33.417,3.342,43.895,4.390,2.762,0.276,0.171,0.017,42.289,4.229,0.871,0.087,0.004,1
228,7.672,0.767,645.083,64.508,9.565,0.956,19.293,1.929,0.000,0.000,0.000,0.000,2.615,0.261,1207.347,120.735,17.699,1.770,1.260,0.126,26.971,2.697,19.012,1.901,5.715,0.572,37.575,3.758,1.493,0.149,21.561,2.156,1.055,0.105,2.908,0.291,22.050,2.205,17.106,1.711,30.441,3.044,39.788,3.979,2.258,0.226,0.080,0.008,35.829,3.583,0.924,0.092,0.004,1
240,6.235,0.624,600.144,60.014,9.859,0.986,21.775,2.177,0.182,0.018,0.000,0.000,2.607,0.261,1272.572,127.257,17.776,1.778,1.273,0.127,27.468,2.747,20.219,2.022,5.850,0.585,37.821,3.782,0.000,0.000,21.189,2.119,1.254,0.125,3.068,0.307,19.924,1.992,16.587,1.659,33.271,3.327,48.987,4.899,2.559,0.256,0.089,0.009,41.797,4.180,0.977,0.098,0.004,1
,,,,,,,,,,,,,,,,,,,,,,,,,,,,,,,,,,,,,,,,,,,,,,,,,,,,,,
0,4.000,0.400,0.000,0.000,1.110,0.111,6.060,0.606,11.170,1.117,4.470,0.447,2.500,0.250,72.550,7.255,6.210,0.621,0.970,0.097,0.230,0.023,0.650,0.065,1.500,0.150,8.170,0.817,5.220,0.522,10.840,1.084,5.750,0.575,2.230,0.223,2.120,0.212,3.420,0.342,8.980,0.898,10.700,1.070,5.200,0.520,2.320,0.232,7.620,0.762,0.270,0.027,0.001,0
12,8.792,0.879,0.000,0.000,3.139,0.314,6.407,0.641,11.075,1.107,4.031,0.403,2.673,0.267,172.423,17.242,4.902,0.490,0.957,0.096,0.000,0.000,1.772,0.177,2.192,0.219,14.383,1.438,10.679,1.068,10.969,1.097,5.079,0.508,2.323,0.232,3.695,0.369,4.692,0.469,7.383,0.738,14.591,1.459,4.091,0.409,2.228,0.223,12.204,1.220,0.277,0.028,0.001,0
24,8.588,0.859,0.000,0.000,1.091,0.109,5.639,0.564,9.764,0.976,2.767,0.277,2.801,0.280,375.931,37.593,4.364,0.436,0.816,0.082,1.659,0.166,0.000,0.000,2.008,0.201,11.184,1.118,15.646,1.565,11.779,1.178,4.789,0.479,2.498,0.250,3.172,0.317,5.095,0.509,10.429,1.043,13.901,1.390,3.162,0.316,1.993,0.199,13.466,1.347,0.284,0.028,0.001,0
36,10.825,1.082,0.000,0.000,5.072,0.507,5.829,0.583,8.103,0.810,2.235,0.223,2.334,0.233,280.340,28.034,5.569,0.557,0.682,0.068,2.238,0.224,0.000,0.000,2.072,0.207,6.713,0.671,20.253,2.025,10.825,1.083,4.510,0.451,1.813,0.181,6.088,0.609,2.967,0.297,10.057,1.006,11.183,1.118,4.467,0.447,1.909,0.191,6.068,0.607,0.291,0.029,0.001,0
48,14.486,1.449,0.000,0.000,7.187,0.719,8.199,0.820,7.750,0.775,0.981,0.098,2.062,0.206,320.967,32.097,4.392,0.439,0.788,0.079,7.501,0.750,2.609,0.261,1.043,0.104,10.746,1.075,19.883,1.988,10.049,1.005,3.966,0.397,2.026,0.203,10.677,1.068,5.524,0.552,11.750,1.175,10.761,1.076,3.252,0.325,1.408,0.141,16.645,1.665,0.298,0.030,0.001,0
60,17.009,1.701,0.000,0.000,7.672,0.767,7.086,0.709,5.311,0.531,0.000,0.000,2.391,0.239,252.049,25.205,4.438,0.444,0.592,0.059,3.116,0.312,3.194,0.319,0.766,0.077,10.661,1.066,20.980,2.098,7.462,0.746,3.903,0.390,2.068,0.207,14.327,1.433,5.154,0.515,11.585,1.159,14.753,1.475,4.827,0.483,1.616,0.162,9.275,0.927,0.305,0.031,0.001,0
72,18.372,1.837,68.848,6.885,11.161,1.116,7.509,0.751,5.002,0.500,0.013,0.001,2.419,0.242,161.331,16.133,2.263,0.226,0.865,0.086,4.339,0.434,3.297,0.330,0.379,0.038,13.529,1.353,17.530,1.753,12.417,1.242,3.441,0.344,1.675,0.168,17.033,1.703,4.763,0.476,12.276,1.228,9.420,0.942,3.494,0.349,1.649,0.165,13.636,1.364,0.312,0.031,0.001,0
84,18.939,1.894,0.000,0.000,11.238,1.124,8.237,0.824,4.066,0.407,0.000,0.000,2.288,0.229,272.121,27.212,4.402,0.440,1.000,0.100,2.227,0.223,4.250,0.425,1.052,0.105,14.237,1.424,13.268,1.327,11.379,1.138,3.372,0.337,2.234,0.223,23.365,2.337,5.170,0.517,11.141,1.114,14.910,1.491,5.760,0.576,1.425,0.142,16.782,1.678,0.320,0.032,0.001,0
96,14.027,1.403,80.058,8.006,8.242,0.824,13.047,1.305,1.896,0.190,0.000,0.000,2.353,0.235,668.456,66.846,7.504,0.750,0.872,0.087,13.653,1.365,4.553,0.455,4.834,0.483,23.426,2.343,8.702,0.870,15.743,1.574,2.511,0.251,2.369,0.237,22.893,2.289,12.238,1.224,20.241,2.024,29.096,2.910,12.417,1.242,0.983,0.098,25.770,2.577,0.441,0.044,0.026,1
108,10.054,1.005,300.386,30.039,4.580,0.458,20.116,2.012,1.108,0.111,0.000,0.000,3.206,0.321,1156.077,115.608,14.043,1.404,0.374,0.037,22.075,2.208,4.397,0.440,6.790,0.679,31.477,3.148,4.111,0.411,21.059,2.106,1.567,0.157,3.253,0.325,13.945,1.394,15.186,1.519,30.557,3.056,45.121,4.512,17.739,1.774,0.311,0.031,43.872,4.387,0.748,0.075,0.026,1
120,5.529,0.553,409.148,40.915,5.434,0.543,23.042,2.304,1.461,0.146,0.000,0.000,2.452,0.245,1453.370,145.337,15.039,1.504,0.425,0.042,29.037,2.904,2.759,0.276,7.290,0.729,35.090,3.509,4.338,0.434,20.679,2.068,1.244,0.124,2.981,0.298,11.730,1.173,16.950,1.695,36.008,3.601,51.709,5.171,20.236,2.024,0.204,0.020,50.381,5.038,1.056,0.106,0.026,1
132,4.412,0.441,262.059,26.206,5.967,0.597,25.276,2.528,0.669,0.067,0.000,0.000,2.901,0.290,1461.379,146.138,16.335,1.634,0.312,0.031,32.996,3.300,4.404,0.440,8.781,0.878,37.435,3.744,4.057,0.406,22.706,2.271,1.641,0.164,3.250,0.325,6.287,0.629,19.790,1.979,32.150,3.215,57.080,5.708,23.599,2.360,0.147,0.015,46.267,4.627,1.363,0.136,0.026,1
144,6.242,0.624,269.461,26.946,5.248,0.525,25.185,2.518,0.223,0.022,0.000,0.000,2.793,0.279,1499.400,149.940,17.971,1.797,0.270,0.027,33.556,3.356,3.947,0.395,8.233,0.823,42.516,4.252,2.184,0.218,25.875,2.587,1.390,0.139,3.011,0.301,8.491,0.849,22.557,2.256,40.472,4.047,70.165,7.017,21.744,2.174,0.097,0.010,42.623,4.262,1.670,0.167,0.026,1
156,3.406,0.341,291.067,29.107,5.106,0.511,27.248,2.725,0.423,0.042,0.072,0.007,2.969,0.297,1590.452,159.045,18.392,1.839,0.241,0.024,32.349,3.235,3.589,0.359,8.386,0.839,36.767,3.677,2.134,0.213,25.669,2.567,1.187,0.119,3.164,0.316,6.629,0.663,20.921,2.092,39.633,3.963,59.993,5.999,24.340,2.434,0.000,0.000,48.088,4.809,1.977,0.198,0.026,1
168,3.173,0.317,167.090,16.709,3.915,0.391,25.647,2.565,0.280,0.028,0.000,0.000,3.189,0.319,1647.523,164.752,17.146,1.715,0.517,0.052,31.221,3.122,3.367,0.337,9.680,0.968,41.626,4.163,2.120,0.212,23.600,2.360,0.704,0.070,3.093,0.309,8.305,0.830,21.633,2.163,37.551,3.755,56.575,5.658,22.785,2.278,0.013,0.001,47.738,4.774,2.285,0.228,0.026,1
180,3.970,0.397,143.749,14.375,4.452,0.445,25.915,2.591,0.000,0.000,0.028,0.003,3.175,0.318,1725.410,172.541,17.087,1.709,0.297,0.030,37.959,3.796,6.050,0.605,9.105,0.911,43.390,4.339,1.029,0.103,22.688,2.269,0.639,0.064,3.433,0.343,9.851,0.985,20.569,2.057,37.095,3.710,69.067,6.907,22.901,2.290,0.026,0.003,48.693,4.869,2.592,0.259,0.026,1
192,2.162,0.216,297.110,29.711,2.497,0.250,28.836,2.884,0.000,0.000,0.197,0.020,3.024,0.302,1623.837,162.384,17.826,1.783,0.382,0.038,39.577,3.958,5.685,0.569,9.792,0.979,41.531,4.153,1.510,0.151,25.037,2.504,0.524,0.052,3.638,0.364,11.621,1.162,23.685,2.368,36.682,3.668,65.582,6.558,22.198,2.220,0.000,0.000,48.289,4.829,2.899,0.290,0.026,1
204,3.452,0.345,208.982,20.898,3.212,0.321,25.763,2.576,0.744,0.074,0.000,0.000,3.336,0.334,1755.165,175.517,17.777,1.778,0.260,0.026,36.072,3.607,6.882,0.688,10.454,1.045,44.719,4.472,0.000,0.000,26.241,2.624,1.885,0.188,3.277,0.328,11.904,1.190,22.176,2.218,40.054,4.005,62.103,6.210,23.229,2.323,0.136,0.014,52.011,5.201,3.206,0.321,0.026,1
216,1.548,0.155,100.087,10.009,3.001,0.300,26.728,2.673,0.000,0.000,0.023,0.002,3.317,0.332,1747.724,174.772,19.492,1.949,0.371,0.037,34.143,3.414,6.687,0.669,10.050,1.005,43.647,4.365,1.905,0.191,27.340,2.734,1.387,0.139,3.498,0.350,7.611,0.761,22.784,2.278,37.254,3.725,73.438,7.344,21.115,2.111,0.337,0.034,57.872,5.787,3.514,0.351,0.026,1
228,2.961,0.296,165.519,16.552,4.196,0.420,28.286,2.829,0.355,0.036,0.000,0.000,3.332,0.333,1871.759,187.176,19.237,1.924,0.019,0.002,38.764,3.876,6.525,0.653,10.401,1.040,41.731,4.173,0.000,0.000,26.364,2.636,1.165,0.117,3.323,0.332,6.933,0.693,21.289,2.129,37.934,3.793,67.095,6.710,20.302,2.030,0.000,0.000,50.575,5.057,3.821,0.382,0.026,1
240,2.316,0.232,86.119,8.612,3.530,0.353,27.281,2.728,0.000,0.000,0.000,0.000,3.126,0.313,1743.500,174.350,19.475,1.948,0.276,0.028,35.393,3.539,9.018,0.902,9.208,0.921,44.695,4.469,0.000,0.000,24.892,2.489,0.791,0.079,3.455,0.345,9.089,0.909,23.391,2.339,40.807,4.081,66.659,6.666,21.815,2.182,0.042,0.004,52.025,5.203,4.128,0.413,0.026,1
,,,,,,,,,,,,,,,,,,,,,,,,,,,,,,,,,,,,,,,,,,,,,,,,,,,,,,
0,4.000,0.400,0.000,0.000,1.110,0.111,6.060,0.606,11.170,1.117,4.470,0.447,2.500,0.250,72.550,7.255,6.210,0.621,0.970,0.097,0.230,0.023,0.650,0.065,1.500,0.150,8.170,0.817,5.220,0.522,10.840,1.084,5.750,0.575,2.230,0.223,2.120,0.212,3.420,0.342,8.980,0.898,10.700,1.070,5.200,0.520,2.320,0.232,7.620,0.762,0.270,0.027,0.003,0
12,6.955,0.696,134.943,13.494,0.000,0.000,6.111,0.611,9.777,0.978,3.601,0.360,2.563,0.256,270.904,27.090,5.811,0.581,0.831,0.083,5.860,0.586,0.251,0.025,3.244,0.324,12.300,1.230,10.912,1.091,13.449,1.345,4.858,0.486,2.442,0.244,6.073,0.607,5.392,0.539,13.136,1.314,12.047,1.205,8.706,0.871,1.842,0.184,13.969,1.397,0.311,0.031,0.003,0
24,7.827,0.783,0.000,0.000,2.971,0.297,10.319,1.032,7.164,0.716,2.537,0.254,3.154,0.315,405.006,40.501,10.786,1.079,0.431,0.043,14.843,1.484,2.064,0.206,4.436,0.444,17.364,1.736,15.341,1.534,15.866,1.587,4.335,0.434,2.291,0.229,4.487,0.449,7.189,0.719,17.065,1.706,23.938,2.394,11.378,1.138,1.597,0.160,17.583,1.758,0.353,0.035,0.004,0
36,10.332,1.033,0.000,0.000,4.324,0.432,12.279,1.228,6.367,0.637,1.569,0.157,2.416,0.242,753.355,75.336,11.040,1.104,0.369,0.037,11.906,1.191,3.547,0.355,3.977,0.398,20.547,2.055,20.180,2.018,15.755,1.576,3.907,0.391,2.681,0.268,4.255,0.425,10.042,1.004,16.986,1.699,24.257,2.426,12.248,1.225,1.793,0.179,17.033,1.703,0.395,0.040,0.004,0
48,11.977,1.198,0.000,0.000,5.921,0.592,16.663,1.666,5.916,0.592,0.241,0.024,2.772,0.277,658.941,65.894,9.475,0.948,0.438,0.044,16.125,1.612,5.463,0.546,4.515,0.451,22.029,2.203,19.379,1.938,15.478,1.548,3.089,0.309,2.564,0.256,4.725,0.472,12.991,1.299,23.184,2.318,25.200,2.520,11.772,1.177,1.545,0.154,21.997,2.200,0.438,0.044,0.004,0
60,11.654,1.165,0.000,0.000,4.049,0.405,16.235,1.624,3.837,0.384,0.000,0.000,2.466,0.247,1007.377,100.738,10.276,1.028,0.377,0.038,20.194,2.019,4.033,0.403,5.000,0.500,24.237,2.424,18.286,1.829,17.012,1.701,2.919,0.292,2.264,0.226,10.948,1.095,11.650,1.165,19.495,1.950,41.734,4.173,11.060,1.106,1.089,0.109,27.279,2.728,0.480,0.048,0.004,0
72,13.166,1.317,0.000,0.000,5.533,0.553,15.503,1.550,2.560,0.256,0.000,0.000,2.913,0.291,891.331,89.133,10.655,1.066,0.636,0.064,24.173,2.417,4.781,0.478,5.475,0.547,26.451,2.645,15.055,1.506,17.674,1.767,3.011,0.301,2.153,0.215,14.013,1.401,11.794,1.179,23.349,2.335,35.042,3.504,13.054,1.305,0.900,0.090,32.558,3.256,0.524,0.052,0.004,0
84,12.656,1.266,24.773,2.477,6.652,0.665,18.131,1.813,2.146,0.215,0.000,0.000,2.795,0.280,863.616,86.362,9.997,1.000,0.723,0.072,20.740,2.074,4.585,0.458,5.197,0.520,29.010,2.901,12.670,1.267,19.716,1.972,2.518,0.252,2.622,0.262,18.323,1.832,13.436,1.344,22.419,2.242,38.655,3.866,12.482,1.248,0.531,0.053,31.585,3.159,0.567,0.057,0.004,0
96,12.046,1.205,111.792,11.179,9.227,0.923,15.135,1.513,0.995,0.100,0.093,0.009,2.885,0.289,1002.670,100.267,10.070,1.007,0.583,0.058,19.855,1.986,7.735,0.774,5.188,0.519,32.463,3.246,9.963,0.996,19.667,1.967,2.279,0.228,2.951,0.295,16.477,1.648,13.904,1.390,25.870,2.587,42.644,4.264,14.467,1.447,0.510,0.051,34.660,3.466,0.615,0.061,0.004,1
108,13.426,1.343,427.328,42.733,9.514,0.951,16.643,1.664,0.799,0.080,0.595,0.059,2.647,0.265,1203.228,120.323,9.075,0.908,0.707,0.071,24.290,2.429,6.758,0.676,4.741,0.474,32.087,3.209,5.546,0.555,20.205,2.021,1.376,0.138,2.779,0.278,21.996,2.200,14.691,1.469,24.789,2.479,34.080,3.408,10.671,1.067,0.258,0.026,32.870,3.287,0.667,0.067,0.004,1
120,12.114,1.211,611.953,61.195,12.199,1.220,19.711,1.971,0.131,0.013,0.000,0.000,2.748,0.275,1266.458,126.646,9.010,0.901,0.822,0.082,21.094,2.109,7.060,0.706,4.883,0.488,30.957,3.096,4.674,0.467,20.125,2.013,1.246,0.125,2.791,0.279,22.045,2.205,16.155,1.615,27.160,2.716,41.980,4.198,12.423,1.242,0.269,0.027,30.791,3.079,0.720,0.072,0.004,1
132,11.035,1.103,683.831,68.383,10.018,1.002,20.241,2.024,0.068,0.007,0.163,0.016,3.017,0.302,1231.432,123.143,9.095,0.909,0.794,0.079,24.083,2.408,10.963,1.096,5.339,0.534,34.181,3.418,3.537,0.354,19.922,1.992,1.380,0.138,2.961,0.296,21.526,2.153,16.025,1.603,27.658,2.766,43.236,4.324,13.531,1.353,0.203,0.020,38.117,3.812,0.773,0.077,0.004,1
144,10.745,1.074,404.463,40.446,10.055,1.005,19.454,1.945,0.307,0.031,0.000,0.000,2.299,0.230,1283.012,128.301,8.414,0.841,1.060,0.106,25.943,2.594,11.455,1.146,5.926,0.593,32.968,3.297,0.635,0.064,20.910,2.091,1.228,0.123,2.589,0.259,25.606,2.561,15.998,1.600,27.526,2.753,42.758,4.276,10.079,1.008,0.128,0.013,36.431,3.643,0.825,0.083,0.004,1
156,10.694,1.069,542.907,54.291,12.025,1.202,19.446,1.945,0.830,0.083,0.335,0.034,2.458,0.246,1349.822,134.982,11.259,1.126,1.092,0.109,29.040,2.904,14.777,1.478,5.438,0.544,29.925,2.992,1.275,0.128,21.512,2.151,0.742,0.074,3.194,0.319,24.762,2.476,16.594,1.659,26.444,2.644,43.843,4.384,7.136,0.714,0.057,0.006,43.182,4.318,0.878,0.088,0.004,1
168,9.137,0.914,551.812,55.181,12.847,1.285,18.162,1.816,0.277,0.028,0.000,0.000,2.897,0.290,1193.675,119.368,10.831,1.083,1.075,0.108,29.510,2.951,16.209,1.621,4.632,0.463,29.216,2.922,1.611,0.161,19.773,1.977,0.757,0.076,2.767,0.277,23.429,2.343,16.012,1.601,32.309,3.231,42.359,4.236,4.013,0.401,0.000,0.000,45.610,4.561,0.931,0.093,0.004,1
180,8.130,0.813,550.660,55.066,10.620,1.062,20.469,2.047,0.992,0.099,0.052,0.005,2.710,0.271,1301.606,130.161,12.597,1.260,1.225,0.122,27.093,2.709,19.973,1.997,5.539,0.554,31.434,3.143,1.613,0.161,22.147,2.215,1.504,0.150,2.987,0.299,27.363,2.736,16.865,1.687,35.721,3.572,47.215,4.722,3.134,0.313,0.079,0.008,40.737,4.074,0.984,0.098,0.004,1
192,7.544,0.754,384.361,38.436,9.921,0.992,18.398,1.840,0.000,0.000,0.000,0.000,2.806,0.281,1215.402,121.540,12.091,1.209,1.200,0.120,29.458,2.946,21.329,2.133,5.364,0.536,35.694,3.569,1.246,0.125,23.412,2.341,0.957,0.096,2.936,0.294,24.146,2.415,16.565,1.657,36.655,3.665,42.709,4.271,2.431,0.243,0.208,0.021,45.694,4.569,1.036,0.104,0.004,1
204,6.655,0.666,382.594,38.259,10.816,1.082,20.771,2.077,0.000,0.000,0.128,0.013,2.588,0.259,1363.390,136.339,12.811,1.281,1.173,0.117,27.390,2.739,20.314,2.031,5.375,0.537,35.253,3.525,0.000,0.000,22.327,2.233,1.798,0.180,3.066,0.307,22.090,2.209,17.831,1.783,31.664,3.166,43.532,4.353,2.497,0.250,0.117,0.012,45.711,4.571,1.089,0.109,0.004,1
216,5.116,0.512,487.600,48.760,9.123,0.912,20.583,2.058,0.142,0.014,0.003,0.000,2.726,0.273,1510.799,151.080,14.635,1.464,1.303,0.130,29.744,2.974,21.771,2.177,5.474,0.547,35.469,3.547,0.000,0.000,24.755,2.475,0.499,0.050,2.672,0.267,22.387,2.239,17.459,1.746,32.956,3.296,49.165,4.917,1.151,0.115,0.083,0.008,39.917,3.992,1.142,0.114,0.004,1
228,6.498,0.650,405.100,40.510,10.585,1.059,22.105,2.210,0.000,0.000,0.000,0.000,2.844,0.284,1509.626,150.963,15.221,1.522,1.295,0.129,32.613,3.261,21.944,2.194,5.229,0.523,37.797,3.780,1.360,0.136,23.659,2.366,1.292,0.129,3.388,0.339,21.501,2.150,18.106,1.811,32.481,3.248,52.918,5.292,2.289,0.229,0.136,0.014,44.197,4.420,1.194,0.119,0.004,1
240,6.803,0.680,434.555,43.455,11.216,1.122,19.979,1.998,0.000,0.000,0.737,0.074,2.797,0.280,1669.024,166.902,17.334,1.733,1.270,0.127,29.430,2.943,23.260,2.326,5.593,0.559,36.438,3.644,0.802,0.080,22.584,2.258,1.151,0.115,3.213,0.321,21.226,2.123,18.763,1.876,33.899,3.390,46.631,4.663,1.493,0.149,0.123,0.012,45.495,4.549,1.247,0.125,0.004,1
,,,,,,,,,,,,,,,,,,,,,,,,,,,,,,,,,,,,,,,,,,,,,,,,,,,,,,
0,4.000,0.400,0.000,0.000,1.110,0.111,6.060,0.606,11.170,1.117,4.470,0.447,2.500,0.250,72.550,7.255,6.210,0.621,0.970,0.097,0.230,0.023,0.650,0.065,1.500,0.150,8.170,0.817,5.220,0.522,10.840,1.084,5.750,0.575,2.230,0.223,2.120,0.212,3.420,0.342,8.980,0.898,10.700,1.070,5.200,0.520,2.320,0.232,7.620,0.762,0.270,0.027,0.003,0
12,6.312,0.631,0.000,0.000,2.064,0.206,10.167,1.017,10.000,1.000,3.060,0.306,2.461,0.246,393.043,39.304,7.278,0.728,0.896,0.090,9.910,0.991,0.931,0.093,2.204,0.220,14.672,1.467,10.475,1.047,11.968,1.197,4.666,0.467,2.395,0.240,3.594,0.359,7.193,0.719,14.731,1.473,27.652,2.765,8.892,0.889,1.974,0.197,9.855,0.985,0.311,0.031,0.003,0
24,8.054,0.805,0.000,0.000,2.475,0.247,12.689,1.269,7.158,0.716,2.681,0.268,3.013,0.301,549.563,54.956,9.547,0.955,0.722,0.072,10.861,1.086,2.332,0.233,3.417,0.342,15.621,1.562,15.155,1.515,15.049,1.505,4.317,0.432,2.226,0.223,2.828,0.283,8.528,0.853,15.286,1.529,23.292,2.329,9.685,0.968,1.866,0.187,23.620,2.362,0.353,0.035,0.004,0
36,9.915,0.992,38.446,3.845,2.737,0.274,13.935,1.393,6.417,0.642,1.434,0.143,2.754,0.275,601.065,60.106,8.193,0.819,0.472,0.047,8.363,0.836,1.701,0.170,4.634,0.463,18.708,1.871,16.920,1.692,16.258,1.626,3.386,0.339,2.589,0.259,8.536,0.854,10.306,1.031,18.661,1.866,29.247,2.925,12.003,1.200,1.534,0.153,22.209,2.221,0.395,0.040,0.004,0
48,10.557,1.056,0.000,0.000,2.112,0.211,13.240,1.324,4.565,0.457,0.362,0.036,2.634,0.263,893.689,89.369,9.979,0.998,0.569,0.057,12.687,1.269,2.934,0.293,4.544,0.454,18.679,1.868,20.412,2.041,17.753,1.775,3.292,0.329,2.698,0.270,6.580,0.658,10.176,1.018,21.555,2.155,29.945,2.994,12.801,1.280,1.196,0.120,28.895,2.890,0.438,0.044,0.004,0
60,12.567,1.257,10.123,1.012,4.385,0.439,14.793,1.479,4.535,0.453,0.346,0.035,2.806,0.281,839.187,83.919,9.112,0.911,0.633,0.063,16.814,1.681,4.652,0.465,4.526,0.453,27.369,2.737,18.048,1.805,18.532,1.853,2.880,0.288,2.772,0.277,10.928,1.093,10.783,1.078,23.260,2.326,35.167,3.517,11.992,1.199,0.961,0.096,29.479,2.948,0.480,0.048,0.004,0
72,9.948,0.995,46.832,4.683,7.235,0.724,16.119,1.612,2.414,0.241,0.000,0.000,2.705,0.271,851.887,85.189,9.223,0.922,0.473,0.047,15.288,1.529,5.552,0.555,4.449,0.445,26.804,2.680,14.176,1.418,17.049,1.705,2.874,0.287,2.331,0.233,11.584,1.158,12.613,1.261,26.534,2.653,34.558,3.456,14.612,1.461,0.620,0.062,32.783,3.278,0.524,0.052,0.004,0
84,11.613,1.161,0.000,0.000,10.538,1.054,14.281,1.428,1.820,0.182,0.047,0.005,2.951,0.295,954.815,95.482,9.894,0.989,0.531,0.053,19.213,1.921,3.722,0.372,4.816,0.482,30.374,3.037,13.843,1.384,17.436,1.744,2.568,0.257,2.780,0.278,14.696,1.470,13.903,1.390,27.569,2.757,36.986,3.699,13.382,1.338,0.908,0.091,29.088,2.909,0.567,0.057,0.004,0
96,12.788,1.279,0.000,0.000,8.759,0.876,16.917,1.692,0.799,0.080,0.113,0.011,2.795,0.279,1249.312,124.931,10.165,1.017,0.613,0.061,26.102,2.610,5.402,0.540,6.206,0.621,35.449,3.545,7.047,0.705,20.363,2.036,2.089,0.209,2.664,0.266,15.418,1.542,16.770,1.677,27.852,2.785,48.717,4.872,15.279,1.528,0.517,0.052,40.381,4.038,0.711,0.071,0.026,1
108,7.554,0.755,217.325,21.732,7.053,0.705,20.846,2.085,1.000,0.100,0.208,0.021,2.703,0.270,1403.444,140.344,13.058,1.306,0.464,0.046,28.211,2.821,4.890,0.489,6.546,0.655,33.371,3.337,3.640,0.364,21.498,2.150,1.299,0.130,2.957,0.296,12.918,1.292,17.246,1.725,32.000,3.200,48.409,4.841,19.502,1.950,0.058,0.006,46.485,4.649,1.019,0.102,0.026,1
120,7.018,0.702,176.873,17.687,5.580,0.558,23.227,2.323,0.442,0.044,0.000,0.000,3.049,0.305,1580.681,158.068,13.983,1.398,0.492,0.049,30.873,3.087,4.324,0.432,8.023,0.802,40.283,4.028,4.420,0.442,25.421,2.542,1.137,0.114,3.303,0.330,10.958,1.096,18.887,1.889,35.768,3.577,53.585,5.359,22.371,2.237,0.198,0.020,40.034,4.003,1.326,0.133,0.026,1
132,7.274,0.727,203.744,20.374,5.869,0.587,26.814,2.681,0.000,0.000,0.090,0.009,3.364,0.336,1578.652,157.865,14.171,1.417,0.369,0.037,30.539,3.054,5.482,0.548,8.919,0.892,40.188,4.019,2.037,0.204,26.082,2.608,0.585,0.058,3.280,0.328,13.604,1.360,23.525,2.353,35.837,3.584,57.933,5.793,21.750,2.175,0.113,0.011,47.118,4.712,1.633,0.163,0.026,1
144,3.546,0.355,212.233,21.223,6.441,0.644,26.022,2.602,0.000,0.000,0.688,0.069,2.851,0.285,1845.401,184.540,16.875,1.688,0.497,0.050,32.476,3.248,4.302,0.430,8.140,0.814,43.565,4.357,1.309,0.131,24.939,2.494,1.023,0.102,3.241,0.324,11.815,1.181,20.139,2.014,38.764,3.876,59.602,5.960,22.752,2.275,0.007,0.001,47.182,4.718,1.941,0.194,0.026,1
156,2.802,0.280,97.939,9.794,5.004,0.500,24.672,2.467,0.000,0.000,0.000,0.000,3.072,0.307,1507.525,150.752,18.668,1.867,0.549,0.055,31.642,3.164,4.209,0.421,9.423,0.942,44.821,4.482,1.542,0.154,24.648,2.465,0.665,0.067,3.434,0.343,14.112,1.411,23.352,2.335,35.771,3.577,66.144,6.614,25.899,2.590,0.120,0.012,50.350,5.035,2.248,0.225,0.026,1
168,2.834,0.283,205.028,20.503,6.947,0.695,24.784,2.478,0.325,0.033,0.109,0.011,3.344,0.334,1647.325,164.733,17.715,1.771,0.454,0.045,35.647,3.565,6.030,0.603,9.614,0.961,44.691,4.469,0.760,0.076,26.164,2.616,1.392,0.139,3.670,0.367,9.262,0.926,22.615,2.261,38.586,3.859,69.134,6.913,22.343,2.234,0.000,0.000,48.382,4.838,2.555,0.256,0.026,1
180,3.522,0.352,208.951,20.895,3.641,0.364,28.340,2.834,0.214,0.021,0.000,0.000,2.778,0.278,1698.721,169.872,18.002,1.800,0.459,0.046,34.463,3.446,6.994,0.699,8.979,0.898,41.058,4.106,0.770,0.077,24.882,2.488,1.371,0.137,3.243,0.324,11.751,1.175,21.193,2.119,38.612,3.861,60.024,6.002,23.656,2.366,0.000,0.000,52.022,5.202,2.862,0.286,0.026,1
192,2.387,0.239,142.875,14.288,4.297,0.430,30.395,3.039,0.000,0.000,0.000,0.000,3.302,0.330,1731.767,173.177,17.493,1.749,0.296,0.030,37.295,3.730,7.093,0.709,8.791,0.879,43.159,4.316,1.132,0.113,25.762,2.576,1.132,0.113,3.117,0.312,4.794,0.479,21.891,2.189,41.136,4.114,61.806,6.181,22.958,2.296,0.000,0.000,53.358,5.336,3.170,0.317,0.026,1
204,1.156,0.116,111.363,11.136,4.547,0.455,26.759,2.676,0.000,0.000,0.000,0.000,3.340,0.334,1869.194,186.919,20.398,2.040,0.310,0.031,38.500,3.850,9.060,0.906,9.866,0.987,44.442,4.444,0.000,0.000,25.392,2.539,0.970,0.097,3.170,0.317,10.254,1.025,21.938,2.194,35.922,3.592,66.197,6.620,23.277,2.328,0.000,0.000,52.800,5.280,3.477,0.348,0.026,1
216,0.185,0.018,20.193,2.019,2.371,0.237,25.972,2.597,0.000,0.000,0.125,0.012,3.243,0.324,1770.001,177.000,18.815,1.882,0.277,0.028,38.429,3.843,7.323,0.732,10.144,1.014,51.936,5.194,0.000,0.000,26.350,2.635,1.120,0.112,3.228,0.323,9.420,0.942,22.834,2.283,38.833,3.883,63.698,6.370,21.401,2.140,0.000,0.000,52.149,5.215,3.784,0.378,0.026,1
228,1.408,0.141,128.949,12.895,4.733,0.473,24.729,2.473,0.423,0.042,0.579,0.058,3.055,0.305,1750.236,175.024,20.587,2.059,0.304,0.030,36.417,3.642,8.544,0.854,10.110,1.011,47.325,4.733,0.000,0.000,27.791,2.779,1.554,0.155,3.294,0.329,7.596,0.760,23.934,2.393,39.124,3.912,71.941,7.194,17.255,1.725,0.081,0.008,49.268,4.927,4.092,0.409,0.026,1
240,1.398,0.140,2.779,0.278,4.099,0.410,28.449,2.845,0.105,0.011,0.000,0.000,3.215,0.322,1775.657,177.566,19.863,1.986,0.435,0.043,35.662,3.566,6.992,0.699,10.274,1.027,50.248,5.025,0.113,0.011,27.386,2.739,1.473,0.147,3.553,0.355,9.599,0.960,20.732,2.073,34.494,3.449,71.122,7.112,18.696,1.870,0.000,0.000,53.146,5.315,4.399,0.440,0.026,1
,,,,,,,,,,,,,,,,,,,,,,,,,,,,,,,,,,,,,,,,,,,,,,,,,,,,,,
0,4.000,0.400,0.000,0.000,1.110,0.111,6.060,0.606,11.170,1.117,4.470,0.447,2.500,0.250,72.550,7.255,6.210,0.621,0.970,0.097,0.230,0.023,0.650,0.065,1.500,0.150,8.170,0.817,5.220,0.522,10.840,1.084,5.750,0.575,2.230,0.223,2.120,0.212,3.420,0.342,8.980,0.898,10.700,1.070,5.200,0.520,2.320,0.232,7.620,0.762,0.270,0.027,0.000,0
12,4.729,0.473,0.000,0.000,1.879,0.188,5.025,0.502,11.030,1.103,3.866,0.387,2.086,0.209,115.348,11.535,7.024,0.702,1.013,0.101,3.815,0.382,0.000,0.000,0.868,0.087,6.928,0.693,10.377,1.038,9.476,0.948,6.137,0.614,2.016,0.202,5.215,0.521,2.326,0.233,9.355,0.935,14.218,1.422,4.221,0.422,2.024,0.202,12.898,1.290,0.270,0.027,0.000,0
24,8.970,0.897,114.187,11.419,3.542,0.354,3.055,0.305,9.600,0.960,3.141,0.314,2.043,0.204,0.000,0.000,4.682,0.468,0.808,0.081,0.000,0.000,1.088,0.109,1.723,0.172,9.683,0.968,16.621,1.662,6.622,0.662,5.561,0.556,2.274,0.227,5.367,0.537,3.271,0.327,9.837,0.984,12.680,1.268,4.329,0.433,2.081,0.208,8.462,0.846,0.270,0.027,0.000,0
36,11.835,1.184,0.000,0.000,3.278,0.328,7.540,0.754,9.379,0.938,2.051,0.205,2.524,0.252,0.000,0.000,3.141,0.314,0.948,0.095,1.466,0.147,0.850,0.085,0.523,0.052,4.435,0.444,21.966,2.197,10.729,1.073,5.040,0.504,1.969,0.197,8.250,0.825,4.279,0.428,9.527,0.953,4.696,0.470,4.689,0.469,2.049,0.205,6.882,0.688,0.270,0.027,0.000,0
48,15.428,1.543,67.935,6.794,6.092,0.609,5.104,0.510,7.621,0.762,1.435,0.143,2.379,0.238,0.000,0.000,4.988,0.499,0.648,0.065,2.242,0.224,1.947,0.195,1.259,0.126,9.111,0.911,21.901,2.190,9.268,0.927,4.549,0.455,1.700,0.170,11.382,1.138,3.306,0.331,8.825,0.883,4.806,0.481,1.199,0.120,1.781,0.178,7.983,0.798,0.270,0.027,0.000,0
60,19.354,1.935,10.055,1.005,8.855,0.885,2.648,0.265,6.650,0.665,0.000,0.000,2.104,0.210,111.949,11.195,1.912,0.191,0.552,0.055,2.760,0.276,1.986,0.199,0.000,0.000,4.033,0.403,21.027,2.103,8.620,0.862,4.582,0.458,1.909,0.191,13.387,1.339,3.177,0.318,7.840,0.784,5.542,0.554,3.270,0.327,1.837,0.184,5.785,0.578,0.270,0.027,0.000,0
72,20.831,2.083,5.782,0.578,10.631,1.063,3.264,0.326,5.331,0.533,0.000,0.000,2.509,0.251,114.055,11.405,1.818,0.182,0.841,0.084,0.000,0.000,2.835,0.284,0.000,0.000,6.885,0.689,18.968,1.897,9.705,0.970,4.067,0.407,1.902,0.190,17.363,1.736,2.550,0.255,7.046,0.705,2.242,0.224,4.583,0.458,1.640,0.164,5.517,0.552,0.270,0.027,0.000,0
84,22.949,2.295,50.166,5.017,10.906,1.091,2.786,0.279,3.916,0.392,0.170,0.017,2.214,0.221,0.000,0.000,0.127,0.013,1.099,0.110,0.113,0.011,3.184,0.318,0.486,0.049,2.516,0.252,11.806,1.181,8.078,0.808,4.109,0.411,1.751,0.175,20.947,2.095,2.555,0.255,9.105,0.910,8.902,0.890,0.306,0.031,1.556,0.156,5.104,0.510,0.270,0.027,0.000,0
96,16.851,1.685,83.544,8.354,7.981,0.798,10.762,1.076,2.754,0.275,0.017,0.002,2.085,0.208,378.647,37.865,5.442,0.544,1.015,0.102,7.670,0.767,0.793,0.079,1.539,0.154,16.405,1.640,4.167,0.417,13.512,1.351,3.538,0.354,2.300,0.230,24.689,2.469,6.860,0.686,14.050,1.405,15.553,1.555,7.160,0.716,0.999,0.100,14.680,1.468,0.339,0.034,0.015,1
108,11.297,1.130,502.838,50.284,6.539,0.654,16.530,1.653,0.244,0.024,0.161,0.016,2.375,0.238,928.747,92.875,10.862,1.086,0.465,0.047,17.596,1.760,1.500,0.150,5.335,0.533,27.697,2.770,3.998,0.400,17.613,1.761,2.310,0.231,2.633,0.263,16.322,1.632,9.575,0.957,24.440,2.444,34.014,3.401,12.047,1.205,0.380,0.038,26.918,2.692,0.519,0.052,0.015,1
120,9.484,0.948,733.983,73.398,7.047,0.705,19.218,1.922,0.756,0.076,0.034,0.003,2.438,0.244,1100.925,110.093,12.761,1.276,0.611,0.061,24.573,2.457,4.190,0.419,6.554,0.655,29.582,2.958,2.494,0.249,18.595,1.859,1.755,0.175,2.771,0.277,16.919,1.692,15.904,1.590,30.173,3.017,38.972,3.897,14.102,1.410,0.284,0.028,35.958,3.596,0.699,0.070,0.015,1
132,9.491,0.949,499.717,49.972,7.240,0.724,21.118,2.112,0.629,0.063,0.172,0.017,3.009,0.301,1372.142,137.214,14.441,1.444,0.247,0.025,27.819,2.782,4.321,0.432,7.057,0.706,35.271,3.527,3.465,0.346,22.501,2.250,1.802,0.180,2.948,0.295,14.661,1.466,18.256,1.826,26.166,2.617,42.928,4.293,19.966,1.997,0.048,0.005,38.594,3.859,0.879,0.088,0.015,1
144,8.117,0.812,436.782,43.678,6.673,0.667,20.787,2.079,0.695,0.069,0.000,0.000,2.776,0.278,1424.366,142.437,16.224,1.622,0.401,0.040,28.419,2.842,3.399,0.340,7.483,0.748,36.993,3.699,2.128,0.213,23.070,2.307,1.850,0.185,3.148,0.315,17.157,1.716,16.871,1.687,36.061,3.606,53.535,5.353,20.223,2.022,0.119,0.012,46.734,4.673,1.059,0.106,0.015,1
156,5.419,0.542,401.275,40.127,5.405,0.540,24.408,2.441,0.026,0.003,0.055,0.005,2.720,0.272,1457.335,145.733,14.289,1.429,0.366,0.037,30.818,3.082,6.479,0.648,9.059,0.906,40.984,4.098,2.113,0.211,24.831,2.483,0.671,0.067,3.041,0.304,14.684,1.468,17.432,1.743,32.466,3.247,52.884,5.288,19.275,1.927,0.314,0.031,45.404,4.540,1.239,0.124,0.015,1
168,4.070,0.407,447.839,44.784,8.066,0.807,24.115,2.412,0.393,0.039,0.000,0.000,2.884,0.288,1473.060,147.306,16.455,1.645,0.446,0.045,36.964,3.696,6.151,0.615,8.128,0.813,39.529,3.953,0.000,0.000,22.608,2.261,0.672,0.067,2.973,0.297,9.714,0.971,20.394,2.039,37.320,3.732,57.645,5.765,19.919,1.992,0.157,0.016,48.969,4.897,1.419,0.142,0.015,1
180,2.324,0.232,279.146,27.915,5.685,0.568,23.735,2.373,1.096,0.110,0.196,0.020,2.867,0.287,1624.698,162.470,14.750,1.475,0.439,0.044,32.423,3.242,7.519,0.752,8.448,0.845,42.677,4.268,2.380,0.238,23.044,2.304,0.904,0.090,3.196,0.320,11.182,1.118,18.522,1.852,38.534,3.853,54.295,5.430,18.935,1.893,0.177,0.018,46.956,4.696,1.599,0.160,0.015,1
192,4.428,0.443,342.914,34.291,6.263,0.626,24.279,2.428,0.041,0.004,0.000,0.000,3.234,0.323,1672.649,167.265,17.220,1.722,0.588,0.059,34.512,3.451,9.074,0.907,8.261,0.826,40.481,4.048,1.277,0.128,24.968,2.497,0.563,0.056,3.287,0.329,13.331,1.333,18.708,1.871,33.087,3.309,61.233,6.123,16.624,1.662,0.328,0.033,48.009,4.801,1.779,0.178,0.015,1
204,3.211,0.321,319.679,31.968,4.770,0.477,24.760,2.476,0.000,0.000,0.164,0.016,3.182,0.318,1665.018,166.502,19.535,1.954,0.414,0.041,32.699,3.270,10.956,1.096,8.482,0.848,39.720,3.972,0.000,0.000,25.715,2.572,1.040,0.104,3.392,0.339,11.667,1.167,21.729,2.173,36.864,3.686,53.312,5.331,14.020,1.402,0.181,0.018,52.358,5.236,1.959,0.196,0.015,1
216,1.402,0.140,277.592,27.759,3.870,0.387,23.882,2.388,1.068,0.107,0.000,0.000,3.166,0.317,1623.357,162.336,18.922,1.892,0.446,0.045,33.012,3.301,13.026,1.303,8.733,0.873,41.718,4.172,1.727,0.173,26.165,2.616,1.035,0.103,3.307,0.331,15.440,1.544,20.396,2.040,43.846,4.385,65.326,6.533,16.579,1.658,0.083,0.008,53.535,5.353,2.139,0.214,0.015,1
228,2.102,0.210,285.186,28.519,5.483,0.548,26.583,2.658,0.000,0.000,0.082,0.008,3.206,0.321,1746.587,174.659,18.316,1.832,0.560,0.056,33.752,3.375,12.112,1.211,9.998,1.000,41.714,4.171,0.000,0.000,25.299,2.530,1.201,0.120,3.242,0.324,10.225,1.023,22.701,2.270,36.825,3.683,63.684,6.368,15.350,1.535,0.266,0.027,50.173,5.017,2.319,0.232,0.015,1
240,0.042,0.004,146.698,14.670,5.664,0.566,27.783,2.778,0.000,0.000,0.264,0.026,3.145,0.315,1598.169,159.817,18.294,1.829,0.680,0.068,35.896,3.590,11.375,1.138,9.053,0.905,44.758,4.476,0.825,0.082,25.158,2.516,1.204,0.120,3.470,0.347,6.731,0.673,20.094,2.009,38.519,3.852,61.893,6.189,14.608,1.461,0.000,0.000,55.095,5.509,2.499,0.250,0.015,1
,,,,,,,,,,,,,,,,,,,,,,,,,,,,,,,,,,,,,,,,,,,,,,,,,,,,,,
0,4.000,0.400,0.000,0.000,1.110,0.111,6.060,0.606,11.170,1.117,4.470,0.447,2.500,0.250,72.550,7.255,6.210,0.621,0.970,0.097,0.230,0.023,0.650,0.065,1.500,0.150,8.170,0.817,5.220,0.522,10.840,1.084,5.750,0.575,2.230,0.223,2.120,0.212,3.420,0.342,8.980,0.898,10.700,1.070,5.200,0.520,2.320,0.232,7.620,0.762,0.270,0.027,0.004,0
12,5.828,0.583,0.000,0.000,1.796,0.180,11.070,1.107,8.672,0.867,3.487,0.349,2.636,0.264,321.376,32.138,8.788,0.879,0.984,0.098,4.546,0.455,0.434,0.043,2.644,0.264,12.376,1.238,12.861,1.286,10.614,1.061,5.400,0.540,2.874,0.287,1.739,0.174,6.586,0.659,13.790,1.379,18.309,1.831,8.951,0.895,2.012,0.201,14.466,1.447,0.319,0.032,0.004,0
24,9.636,0.964,6.906,0.691,0.940,0.094,12.820,1.282,7.581,0.758,2.441,0.244,2.510,0.251,752.886,75.289,8.199,0.820,0.513,0.051,10.608,1.061,2.308,0.231,4.820,0.482,16.197,1.620,16.662,1.666,13.763,1.376,4.193,0.419,2.423,0.242,2.841,0.284,7.034,0.703,17.830,1.783,22.620,2.262,12.286,1.229,1.646,0.165,19.350,1.935,0.368,0.037,0.004,0
36,10.585,1.059,117.900,11.790,4.060,0.406,14.558,1.456,6.597,0.660,1.398,0.140,2.469,0.247,715.642,71.564,9.450,0.945,0.661,0.066,15.231,1.523,3.702,0.370,4.907,0.491,23.937,2.394,15.620,1.562,15.638,1.564,3.182,0.318,2.839,0.284,2.963,0.296,11.403,1.140,19.236,1.924,31.454,3.145,12.096,1.210,1.384,0.138,26.808,2.681,0.417,0.042,0.004,0
48,11.553,1.155,19.268,1.927,2.766,0.277,17.765,1.777,4.362,0.436,0.465,0.046,2.892,0.289,804.112,80.411,11.779,1.178,0.478,0.048,19.063,1.906,3.835,0.383,4.830,0.483,24.175,2.418,18.114,1.811,18.058,1.806,3.058,0.306,2.437,0.244,7.726,0.773,11.908,1.191,19.292,1.929,34.889,3.489,9.946,0.995,0.803,0.080,29.457,2.946,0.467,0.047,0.004,0
60,11.975,1.198,24.730,2.473,5.145,0.514,14.147,1.415,3.200,0.320,0.022,0.002,2.679,0.268,917.344,91.734,11.247,1.125,0.390,0.039,16.792,1.679,6.251,0.625,4.762,0.476,29.593,2.959,18.890,1.889,17.765,1.777,2.202,0.220,2.698,0.270,10.103,1.010,11.938,1.194,26.410,2.641,34.099,3.410,14.420,1.442,0.903,0.090,31.464,3.146,0.518,0.052,0.004,0
72,11.294,1.129,0.000,0.000,7.207,0.721,16.129,1.613,1.646,0.165,0.009,0.001,3.033,0.303,945.901,94.590,9.912,0.991,0.398,0.040,20.021,2.002,2.915,0.291,5.120,0.512,25.272,2.527,13.144,1.314,18.826,1.883,2.520,0.252,2.663,0.266,12.069,1.207,14.211,1.421,25.876,2.588,41.703,4.170,13.467,1.347,0.851,0.085,41.183,4.118,0.569,0.057,0.004,0
84,12.083,1.208,11.629,1.163,6.792,0.679,14.710,1.471,1.109,0.111,0.010,0.001,2.589,0.259,1256.837,125.684,10.181,1.018,0.717,0.072,20.843,2.084,5.267,0.527,5.641,0.564,30.088,3.009,14.176,1.418,19.284,1.928,2.055,0.205,2.816,0.282,13.333,1.333,15.390,1.539,25.324,2.532,43.071,4.307,13.235,1.324,0.661,0.066,34.327,3.433,0.620,0.062,0.004,0
96,13.686,1.369,54.331,5.433,7.807,0.781,19.919,1.992,1.348,0.135,0.241,0.024,2.714,0.271,1238.178,123.818,11.459,1.146,0.647,0.065,23.881,2.388,5.628,0.563,4.725,0.473,29.250,2.925,9.191,0.919,19.125,1.913,1.871,0.187,2.740,0.274,12.663,1.266,18.225,1.822,31.159,3.116,45.811,4.581,12.654,1.265,0.596,0.060,38.147,3.815,0.721,0.072,0.015,1
108,7.245,0.724,142.910,14.291,7.869,0.787,20.370,2.037,0.363,0.036,0.000,0.000,3.153,0.315,1325.813,132.581,12.814,1.281,0.401,0.040,27.805,2.781,7.332,0.733,6.966,0.697,36.346,3.635,8.203,0.820,23.159,2.316,1.585,0.159,2.671,0.267,21.848,2.185,17.244,1.724,31.791,3.179,45.728,4.573,17.470,1.747,0.517,0.052,40.527,4.053,0.901,0.090,0.015,1
120,7.535,0.754,377.483,37.748,9.637,0.964,21.099,2.110,0.652,0.065,0.000,0.000,3.199,0.320,1512.548,151.255,11.792,1.179,0.528,0.053,27.791,2.779,6.202,0.620,7.303,0.730,40.048,4.005,3.722,0.372,22.078,2.208,1.561,0.156,2.989,0.299,18.286,1.829,18.075,1.808,30.151,3.015,46.948,4.695,18.632,1.863,0.312,0.031,44.874,4.487,1.081,0.108,0.015,1
132,6.970,0.697,468.132,46.813,8.036,0.804,19.840,1.984,0.494,0.049,0.000,0.000,2.758,0.276,1474.690,147.469,12.955,1.296,0.407,0.041,32.023,3.202,5.547,0.555,7.937,0.794,40.777,4.078,2.195,0.219,22.645,2.264,0.979,0.098,3.200,0.320,14.097,1.410,18.611,1.861,35.126,3.513,55.815,5.582,19.577,1.958,0.000,0.000,43.598,4.360,1.261,0.126,0.015,1
144,6.458,0.646,166.078,16.608,7.058,0.706,23.358,2.336,0.272,0.027,0.049,0.005,3.045,0.304,1518.755,151.875,12.916,1.292,0.566,0.057,32.318,3.232,7.078,0.708,8.830,0.883,34.012,3.401,4.633,0.463,24.038,2.404,0.736,0.074,3.065,0.307,14.358,1.436,17.629,1.763,31.207,3.121,60.186,6.019,18.161,1.816,0.000,0.000,49.111,4.911,1.441,0.144,0.015,1
156,3.364,0.336,107.315,10.732,7.070,0.707,23.216,2.322,0.486,0.049,0.240,0.024,3.304,0.330,1516.438,151.644,15.092,1.509,0.764,0.076,31.325,3.133,8.184,0.818,7.868,0.787,41.850,4.185,1.992,0.199,24.124,2.412,1.118,0.112,3.173,0.317,15.082,1.508,20.779,2.078,33.399,3.340,52.528,5.253,18.242,1.824,0.056,0.006,52.408,5.241,1.621,0.162,0.015,1
168,5.478,0.548,225.314,22.531,6.805,0.681,22.000,2.200,0.930,0.093,0.345,0.035,3.330,0.333,1542.480,154.248,13.906,1.391,0.670,0.067,33.463,3.346,9.136,0.914,7.726,0.773,40.845,4.085,0.596,0.060,23.877,2.388,0.884,0.088,3.326,0.333,13.986,1.399,18.312,1.831,36.394,3.639,50.612,5.061,17.106,1.711,0.000,0.000,48.567,4.857,1.801,0.180,0.015,1
180,5.153,0.515,264.482,26.448,8.154,0.815,22.653,2.265,0.356,0.036,0.000,0.000,2.829,0.283,1768.065,176.807,16.789,1.679,0.535,0.054,35.401,3.540,8.402,0.840,8.967,0.897,42.215,4.221,0.000,0.000,25.004,2.500,1.245,0.124,3.382,0.338,12.454,1.245,20.576,2.058,37.386,3.739,63.563,6.356,19.102,1.910,0.042,0.004,48.864,4.886,1.981,0.198,0.015,1
192,2.666,0.267,189.072,18.907,6.318,0.632,23.550,2.355,0.262,0.026,0.190,0.019,3.429,0.343,1714.414,171.441,15.532,1.553,0.684,0.068,35.853,3.585,13.449,1.345,8.965,0.896,40.474,4.047,1.824,0.182,27.823,2.782,0.551,0.055,3.152,0.315,15.227,1.523,20.821,2.082,37.099,3.710,59.405,5.941,14.657,1.466,0.193,0.019,48.121,4.812,2.161,0.216,0.015,1
204,3.070,0.307,169.333,16.933,5.572,0.557,24.581,2.458,0.000,0.000,0.060,0.006,3.254,0.325,1671.425,167.143,15.862,1.586,0.569,0.057,35.571,3.557,10.013,1.001,8.570,0.857,38.107,3.811,0.918,0.092,25.980,2.598,1.357,0.136,3.266,0.327,10.479,1.048,22.266,2.227,33.426,3.343,64.172,6.417,14.193,1.419,0.000,0.000,48.867,4.887,2.341,0.234,0.015,1
216,1.570,0.157,168.376,16.838,6.379,0.638,22.713,2.271,0.000,0.000,0.000,0.000,3.181,0.318,1832.781,183.278,19.163,1.916,0.903,0.090,34.421,3.442,15.281,1.528,8.456,0.846,44.803,4.480,0.000,0.000,24.598,2.460,1.184,0.118,3.512,0.351,16.588,1.659,18.470,1.847,39.216,3.922,64.129,6.413,12.327,1.233,0.003,0.000,45.978,4.598,2.521,0.252,0.015,1
228,4.669,0.467,82.449,8.245,5.833,0.583,25.117,2.512,0.000,0.000,0.006,0.001,3.103,0.310,1695.238,169.524,19.909,1.991,0.451,0.045,33.587,3.359,14.529,1.453,8.978,0.898,41.595,4.160,0.000,0.000,24.469,2.447,0.753,0.075,3.419,0.342,8.396,0.840,22.686,2.269,40.350,4.035,57.380,5.738,13.650,1.365,0.007,0.001,50.807,5.081,2.701,0.270,0.015,1
240,2.901,0.290,32.250,3.225,6.526,0.653,26.495,2.650,0.197,0.020,0.000,0.000,2.966,0.297,1731.252,173.125,17.270,1.727,0.589,0.059,35.518,3.552,16.710,1.671,8.380,0.838,42.294,4.229,3.718,0.372,25.420,2.542,0.987,0.099,3.097,0.310,11.057,1.106,21.243,2.124,40.379,4.038,60.444,6.044,11.886,1.189,0.113,0.011,48.901,4.890,2.881,0.288,0.015,1
,,,,,,,,,,,,,,,,,,,,,,,,,,,,,,,,,,,,,,,,,,,,,,,,,,,,,,
0,4.000,0.400,0.000,0.000,1.110,0.111,6.060,0.606,11.170,1.117,4.470,0.447,2.500,0.250,72.550,7.255,6.210,0.621,0.970,0.097,0.230,0.023,0.650,0.065,1.500,0.150,8.170,0.817,5.220,0.522,10.840,1.084,5.750,0.575,2.230,0.223,2.120,0.212,3.420,0.342,8.980,0.898,10.700,1.070,5.200,0.520,2.320,0.232,7.620,0.762,0.270,0.027,0.002,0
12,5.982,0.598,0.000,0.000,0.000,0.000,9.054,0.905,9.852,0.985,4.059,0.406,2.680,0.268,231.025,23.102,7.870,0.787,0.576,0.058,3.711,0.371,1.602,0.160,1.346,0.135,13.628,1.363,11.420,1.142,10.802,1.080,5.079,0.508,2.476,0.248,0.985,0.099,5.995,0.599,10.753,1.075,9.634,0.963,7.403,0.740,2.121,0.212,9.085,0.909,0.294,0.029,0.002,0
24,7.960,0.796,30.475,3.048,1.861,0.186,10.540,1.054,8.623,0.862,3.062,0.306,2.313,0.231,498.113,49.811,8.184,0.818,0.441,0.044,3.861,0.386,1.883,0.188,2.514,0.251,14.220,1.422,15.997,1.600,14.416,1.442,4.993,0.499,2.640,0.264,4.591,0.459,6.206,0.621,15.734,1.573,19.336,1.934,9.735,0.973,1.629,0.163,17.177,1.718,0.318,0.032,0.002,0
36,11.799,1.180,1.196,0.120,4.202,0.420,12.450,1.245,8.321,0.832,1.895,0.189,2.467,0.247,388.000,38.800,8.903,0.890,0.769,0.077,7.173,0.717,1.001,0.100,2.699,0.270,16.638,1.664,19.528,1.953,12.530,1.253,3.845,0.384,2.154,0.215,8.363,0.836,6.369,0.637,15.029,1.503,21.125,2.113,9.537,0.954,1.826,0.183,19.022,1.902,0.343,0.034,0.002,0
48,10.176,1.018,0.000,0.000,3.654,0.365,11.470,1.147,5.814,0.581,0.855,0.086,2.291,0.229,553.588,55.359,6.349,0.635,0.499,0.050,8.945,0.895,6.015,0.602,2.706,0.271,20.742,2.074,19.447,1.945,14.389,1.439,3.709,0.371,2.543,0.254,6.861,0.686,8.740,0.874,16.189,1.619,22.300,2.230,8.295,0.829,1.438,0.144,21.311,2.131,0.367,0.037,0.002,0
60,14.378,1.438,0.000,0.000,6.549,0.655,13.482,1.348,5.208,0.521,0.134,0.013,2.570,0.257,530.372,53.037,7.298,0.730,0.294,0.029,13.874,1.387,4.722,0.472,3.560,0.356,20.197,2.020,20.392,2.039,15.336,1.534,3.547,0.355,2.456,0.246,16.684,1.668,9.910,0.991,16.539,1.654,28.202,2.820,8.398,0.840,1.407,0.141,23.710,2.371,0.392,0.039,0.002,0
72,13.589,1.359,0.000,0.000,8.599,0.860,12.180,1.218,3.005,0.300,0.189,0.019,2.600,0.260,608.187,60.819,7.097,0.710,0.410,0.041,13.139,1.314,4.800,0.480,3.335,0.333,18.277,1.828,15.192,1.519,16.660,1.666,3.056,0.306,2.672,0.267,16.432,1.643,8.522,0.852,17.504,1.750,28.465,2.846,11.126,1.113,1.080,0.108,26.477,2.648,0.417,0.042,0.002,0
84,14.762,1.476,0.000,0.000,11.343,1.134,13.807,1.381,2.024,0.202,0.079,0.008,2.719,0.272,710.522,71.052,6.712,0.671,0.705,0.071,15.957,1.596,7.188,0.719,3.148,0.315,24.583,2.458,13.845,1.384,15.529,1.553,2.492,0.249,2.496,0.250,18.088,1.809,12.897,1.290,20.957,2.096,28.850,2.885,8.699,0.870,0.928,0.093,28.122,2.812,0.442,0.044,0.002,0
96,16.651,1.665,0.000,0.000,11.856,1.186,10.516,1.052,2.125,0.213,0.000,0.000,2.366,0.237,832.606,83.261,6.652,0.665,0.889,0.089,16.461,1.646,3.295,0.329,2.753,0.275,24.404,2.440,9.094,0.909,16.986,1.699,2.517,0.252,2.622,0.262,25.047,2.505,8.867,0.887,23.619,2.362,26.549,2.655,8.751,0.875,0.686,0.069,26.455,2.646,0.457,0.046,0.000,1
108,18.146,1.815,794.260,79.426,13.850,1.385,14.215,1.421,1.111,0.111,0.131,0.013,2.473,0.247,951.720,95.172,5.147,0.515,0.807,0.081,14.631,1.463,7.271,0.727,3.179,0.318,22.790,2.279,6.700,0.670,18.049,1.805,1.815,0.181,2.611,0.261,27.674,2.767,9.206,0.921,23.496,2.350,26.011,2.601,6.318,0.632,0.460,0.046,24.420,2.442,0.457,0.046,0.000,1
120,16.451,1.645,1060.541,106.054,14.044,1.404,8.625,0.862,0.864,0.086,0.000,0.000,2.295,0.229,832.066,83.207,4.001,0.400,0.984,0.098,10.791,1.079,8.385,0.839,2.333,0.233,21.864,2.186,4.343,0.434,12.977,1.298,1.419,0.142,2.260,0.226,30.831,3.083,12.230,1.223,21.885,2.188,21.661,2.166,5.414,0.541,0.279,0.028,24.944,2.494,0.457,0.046,0.000,1
132,18.061,1.806,1081.936,108.194,14.946,1.495,11.096,1.110,0.000,0.000,0.000,0.000,2.571,0.257,657.890,65.789,2.965,0.297,1.104,0.110,15.197,1.520,9.955,0.996,1.159,0.116,21.485,2.149,0.551,0.055,13.942,1.394,1.888,0.189,2.235,0.224,32.235,3.223,11.200,1.120,20.055,2.005,21.308,2.131,3.041,0.304,0.003,0.000,28.441,2.844,0.457,0.046,0.000,1
144,18.704,1.870,1199.841,119.984,16.072,1.607,9.873,0.987,0.623,0.062,0.000,0.000,2.346,0.235,731.052,73.105,5.350,0.535,1.296,0.130,15.557,1.556,10.519,1.052,0.904,0.090,22.766,2.277,0.700,0.070,16.860,1.686,1.385,0.139,2.058,0.206,31.424,3.142,10.360,1.036,19.915,1.992,20.821,2.082,1.247,0.125,0.156,0.016,21.820,2.182,0.457,0.046,0.000,1
156,15.317,1.532,1314.815,131.481,15.244,1.524,8.346,0.835,0.106,0.011,0.000,0.000,2.176,0.218,696.429,69.643,4.912,0.491,1.662,0.166,12.282,1.228,12.921,1.292,1.309,0.131,20.813,2.081,1.638,0.164,14.910,1.491,1.257,0.126,2.306,0.231,33.747,3.375,10.842,1.084,21.377,2.138,18.352,1.835,0.507,0.051,0.166,0.017,23.514,2.351,0.457,0.046,0.000,1
168,14.524,1.452,1203.933,120.393,17.410,1.741,10.355,1.036,0.000,0.000,0.002,0.000,2.237,0.224,717.256,71.726,6.815,0.681,1.994,0.199,13.392,1.339,10.002,1.000,1.217,0.122,21.526,2.153,0.109,0.011,15.234,1.523,1.195,0.119,2.394,0.239,34.988,3.499,11.634,1.163,22.520,2.252,13.396,1.340,3.243,0.324,0.051,0.005,27.846,2.785,0.457,0.046,0.000,1
180,15.091,1.509,1366.103,136.610,17.283,1.728,10.195,1.020,1.014,0.101,0.633,0.063,2.176,0.218,847.286,84.729,7.440,0.744,1.940,0.194,12.192,1.219,12.573,1.257,0.717,0.072,19.082,1.908,0.924,0.092,16.477,1.648,1.450,0.145,2.175,0.217,37.887,3.789,9.874,0.987,22.593,2.259,12.296,1.230,1.054,0.105,0.179,0.018,27.306,2.731,0.457,0.046,0.000,1
192,15.270,1.527,1187.128,118.713,17.725,1.773,11.726,1.173,0.862,0.086,0.000,0.000,2.571,0.257,772.578,77.258,9.086,0.909,2.076,0.208,16.142,1.614,12.940,1.294,0.000,0.000,21.495,2.149,0.557,0.056,18.158,1.816,0.958,0.096,2.338,0.234,38.849,3.885,11.850,1.185,16.407,1.641,9.149,0.915,0.000,0.000,0.000,0.000,23.676,2.368,0.457,0.046,0.000,1
204,13.956,1.396,1188.986,118.899,18.282,1.828,9.771,0.977,0.000,0.000,0.000,0.000,2.181,0.218,825.498,82.550,10.830,1.083,2.375,0.238,12.355,1.236,12.412,1.241,0.000,0.000,21.052,2.105,1.713,0.171,13.569,1.357,0.906,0.091,2.252,0.225,36.588,3.659,11.596,1.160,20.552,2.055,14.447,1.445,0.000,0.000,0.047,0.005,24.449,2.445,0.457,0.046,0.000,1
216,12.432,1.243,1169.375,116.938,17.142,1.714,10.413,1.041,0.214,0.021,0.062,0.006,1.962,0.196,788.302,78.830,9.640,0.964,2.310,0.231,12.514,1.251,12.858,1.286,0.391,0.039,24.223,2.422,0.207,0.021,14.074,1.407,1.452,0.145,2.237,0.224,40.749,4.075,10.780,1.078,18.711,1.871,9.704,0.970,0.000,0.000,0.123,0.012,24.581,2.458,0.457,0.046,0.000,1
228,13.029,1.303,1323.163,132.316,16.842,1.684,9.903,0.990,0.000,0.000,0.000,0.000,2.243,0.224,660.454,66.045,11.600,1.160,2.284,0.228,9.715,0.971,11.617,1.162,0.000,0.000,26.411,2.641,0.705,0.070,15.150,1.515,1.002,0.100,2.479,0.248,41.318,4.132,11.040,1.104,19.702,1.970,6.312,0.631,2.208,0.221,0.032,0.003,24.253,2.425,0.457,0.046,0.000,1
240,12.638,1.264,1201.087,120.109,18.036,1.804,11.736,1.174,0.000,0.000,0.000,0.000,2.512,0.251,813.495,81.349,10.984,1.098,2.512,0.251,10.056,1.006,13.062,1.306,0.000,0.000,25.357,2.536,3.099,0.310,15.246,1.525,1.264,0.126,2.487,0.249,40.710,4.071,10.138,1.014,24.115,2.412,9.463,0.946,0.000,0.000,0.151,0.015,18.395,1.839,0.457,0.046,0.000,1
,,,,,,,,,,,,,,,,,,,,,,,,,,,,,,,,,,,,,,,,,,,,,,,,,,,,,,
0,4.000,0.400,0.000,0.000,1.110,0.111,6.060,0.606,11.170,1.117,4.470,0.447,2.500,0.250,72.550,7.255,6.210,0.621,0.970,0.097,0.230,0.023,0.650,0.065,1.500,0.150,8.170,0.817,5.220,0.522,10.840,1.084,5.750,0.575,2.230,0.223,2.120,0.212,3.420,0.342,8.980,0.898,10.700,1.070,5.200,0.520,2.320,0.232,7.620,0.762,0.270,0.027,0.002,0
12,6.165,0.617,105.643,10.564,2.502,0.250,7.703,0.770,9.946,0.995,3.126,0.313,2.391,0.239,88.054,8.805,5.739,0.574,0.964,0.096,0.000,0.000,2.169,0.217,1.863,0.186,16.717,1.672,11.145,1.114,14.797,1.480,5.385,0.539,2.426,0.243,4.876,0.488,4.959,0.496,8.987,0.899,14.595,1.460,7.574,0.757,2.156,0.216,9.839,0.984,0.294,0.029,0.002,0
24,10.835,1.084,28.268,2.827,3.241,0.324,10.465,1.047,9.621,0.962,2.614,0.261,2.563,0.256,341.000,34.100,5.242,0.524,0.702,0.070,5.837,0.584,0.000,0.000,3.058,0.306,10.321,1.032,13.629,1.363,12.117,1.212,4.711,0.471,2.205,0.220,8.562,0.856,6.126,0.613,14.222,1.422,22.898,2.290,7.889,0.789,1.805,0.180,12.675,1.268,0.318,0.032,0.002,0
36,8.365,0.837,0.000,0.000,1.939,0.194,13.618,1.362,6.879,0.688,1.779,0.178,2.836,0.284,316.702,31.670,6.876,0.688,0.774,0.077,6.017,0.602,3.711,0.371,2.347,0.235,17.226,1.723,19.700,1.970,14.282,1.428,3.677,0.368,2.332,0.233,3.408,0.341,7.266,0.727,16.143,1.614,27.842,2.784,8.316,0.832,1.486,0.149,17.623,1.762,0.343,0.034,0.002,0
48,11.544,1.154,0.000,0.000,2.573,0.257,11.127,1.113,5.867,0.587,0.670,0.067,2.795,0.280,641.251,64.125,8.898,0.890,0.512,0.051,10.484,1.048,3.594,0.359,3.968,0.397,18.449,1.845,20.524,2.052,14.529,1.453,3.440,0.344,2.420,0.242,10.563,1.056,10.131,1.013,20.089,2.009,23.761,2.376,7.484,0.748,1.578,0.158,17.444,1.744,0.367,0.037,0.002,0
60,13.520,1.352,0.000,0.000,5.797,0.580,13.918,1.392,5.192,0.519,0.490,0.049,2.401,0.240,765.624,76.562,6.953,0.695,0.514,0.051,11.119,1.112,2.446,0.245,2.206,0.221,20.415,2.042,21.559,2.156,13.555,1.355,2.989,0.299,2.316,0.232,12.523,1.252,7.428,0.743,15.390,1.539,26.710,2.671,9.709,0.971,1.298,0.130,16.843,1.684,0.392,0.039,0.002,0
72,13.727,1.373,0.000,0.000,9.703,0.970,10.589,1.059,4.101,0.410,0.032,0.003,2.715,0.272,498.965,49.896,7.363,0.736,0.708,0.071,10.099,1.010,5.575,0.557,3.476,0.348,21.109,2.111,15.287,1.529,16.667,1.667,2.790,0.279,2.478,0.248,14.370,1.437,11.353,1.135,19.063,1.906,27.664,2.766,9.085,0.908,1.217,0.122,20.283,2.028,0.417,0.042,0.002,0
84,14.726,1.473,0.000,0.000,9.800,0.980,15.358,1.536,1.297,0.130,0.000,0.000,2.360,0.236,816.708,81.671,6.824,0.682,0.767,0.077,15.894,1.589,6.381,0.638,3.486,0.349,23.182,2.318,12.370,1.237,13.151,1.315,2.444,0.244,2.097,0.210,20.738,2.074,10.053,1.005,21.781,2.178,22.168,2.217,9.584,0.958,0.904,0.090,26.624,2.662,0.442,0.044,0.002,0
96,10.283,1.028,24.277,2.428,8.524,0.852,14.742,1.474,1.012,0.101,0.157,0.016,2.412,0.241,1001.550,100.155,7.622,0.762,0.631,0.063,22.088,2.209,6.576,0.658,4.615,0.461,28.065,2.807,5.999,0.600,16.392,1.639,2.270,0.227,2.807,0.281,17.630,1.763,13.851,1.385,25.898,2.590,38.427,3.843,14.040,1.404,0.852,0.085,36.198,3.620,0.594,0.059,0.030,1
108,8.148,0.815,282.204,28.220,6.343,0.634,21.046,2.105,0.041,0.004,0.000,0.000,3.042,0.304,1310.289,131.029,15.337,1.534,0.230,0.023,26.612,2.661,3.601,0.360,6.715,0.671,31.276,3.128,4.870,0.487,20.343,2.034,1.822,0.182,3.101,0.310,15.723,1.572,18.491,1.849,35.726,3.573,48.404,4.840,20.151,2.015,0.378,0.038,44.913,4.491,0.954,0.095,0.030,1
120,5.614,0.561,242.896,24.290,6.630,0.663,22.735,2.273,0.189,0.019,0.138,0.014,2.656,0.266,1418.435,141.843,17.996,1.800,0.235,0.024,32.038,3.204,5.656,0.566,8.487,0.849,37.157,3.716,4.743,0.474,25.225,2.522,1.235,0.124,3.151,0.315,9.077,0.908,18.370,1.837,33.518,3.352,54.191,5.419,23.506,2.351,0.000,0.000,51.810,5.181,1.314,0.131,0.030,1
132,5.632,0.563,212.768,21.277,5.428,0.543,22.690,2.269,0.412,0.041,0.064,0.006,2.635,0.264,1694.998,169.500,16.998,1.700,0.435,0.043,30.075,3.007,4.127,0.413,8.226,0.823,40.983,4.098,2.370,0.237,25.676,2.568,1.384,0.138,3.166,0.317,8.369,0.837,20.822,2.082,31.020,3.102,58.298,5.830,22.551,2.255,0.000,0.000,44.893,4.489,1.674,0.167,0.030,1
144,4.201,0.420,206.753,20.675,5.252,0.525,23.222,2.322,0.326,0.033,0.000,0.000,3.093,0.309,1669.423,166.942,18.728,1.873,0.429,0.043,31.441,3.144,2.364,0.236,9.093,0.909,42.199,4.220,1.735,0.173,23.343,2.334,1.397,0.140,3.207,0.321,10.346,1.035,20.893,2.089,38.182,3.818,51.329,5.133,24.482,2.448,0.146,0.015,52.974,5.297,2.034,0.203,0.030,1
156,4.777,0.478,343.892,34.389,2.446,0.245,26.694,2.669,0.722,0.072,0.000,0.000,3.413,0.341,1661.864,166.186,17.471,1.747,0.193,0.019,32.405,3.240,3.409,0.341,7.953,0.795,43.870,4.387,1.496,0.150,25.140,2.514,1.179,0.118,2.993,0.299,7.058,0.706,19.872,1.987,34.610,3.461,59.900,5.990,24.994,2.499,0.047,0.005,50.542,5.054,2.394,0.239,0.030,1
168,4.950,0.495,163.256,16.326,4.162,0.416,24.042,2.404,0.294,0.029,0.000,0.000,3.403,0.340,1737.997,173.800,19.211,1.921,0.389,0.039,35.083,3.508,5.708,0.571,8.513,0.851,48.512,4.851,1.262,0.126,24.709,2.471,1.038,0.104,3.583,0.358,8.775,0.877,21.945,2.194,40.545,4.054,65.899,6.590,24.220,2.422,0.033,0.003,49.824,4.982,2.754,0.275,0.030,1
180,2.757,0.276,135.025,13.503,4.176,0.418,24.427,2.443,0.207,0.021,0.000,0.000,2.878,0.288,1813.145,181.315,21.057,2.106,0.443,0.044,34.706,3.471,7.189,0.719,9.681,0.968,39.285,3.929,2.283,0.228,26.211,2.621,0.943,0.094,3.515,0.351,7.339,0.734,22.620,2.262,39.114,3.911,64.638,6.464,26.361,2.636,0.172,0.017,50.525,5.053,3.114,0.311,0.030,1
192,0.801,0.080,223.477,22.348,3.131,0.313,28.382,2.838,0.581,0.058,0.000,0.000,3.199,0.320,1660.810,166.081,20.518,2.052,0.241,0.024,39.935,3.993,4.517,0.452,10.384,1.038,45.487,4.549,0.975,0.097,28.825,2.882,0.746,0.075,3.189,0.319,10.191,1.019,22.880,2.288,37.928,3.793,63.205,6.320,22.582,2.258,0.241,0.024,54.546,5.455,3.474,0.347,0.030,1
204,2.310,0.231,109.204,10.920,3.812,0.381,26.897,2.690,0.267,0.027,0.194,0.019,3.364,0.336,1681.490,168.149,18.748,1.875,0.265,0.026,36.261,3.626,6.325,0.633,9.102,0.910,44.423,4.442,0.287,0.029,25.104,2.510,1.005,0.100,3.126,0.313,8.539,0.854,21.717,2.172,36.909,3.691,64.331,6.433,22.782,2.278,0.080,0.008,54.279,5.428,3.834,0.383,0.030,1
216,3.468,0.347,47.333,4.733,3.087,0.309,27.638,2.764,0.000,0.000,0.000,0.000,3.408,0.341,1826.566,182.657,18.643,1.864,0.529,0.053,37.768,3.777,6.342,0.634,10.353,1.035,44.235,4.424,1.418,0.142,28.902,2.890,1.128,0.113,3.357,0.336,6.522,0.652,22.454,2.245,42.793,4.279,62.351,6.235,23.038,2.304,0.045,0.004,47.964,4.796,4.194,0.419,0.030,1
228,1.482,0.148,152.441,15.244,4.424,0.442,25.865,2.587,0.072,0.007,0.396,0.040,3.534,0.353,1917.098,191.710,19.910,1.991,0.175,0.017,37.995,3.800,9.711,0.971,10.336,1.034,42.805,4.280,0.000,0.000,25.869,2.587,1.019,0.102,3.581,0.358,5.809,0.581,23.269,2.327,39.873,3.987,64.006,6.401,22.564,2.256,0.297,0.030,55.873,5.587,4.554,0.455,0.030,1
240,1.896,0.190,55.930,5.593,2.857,0.286,27.051,2.705,0.000,0.000,0.000,0.000,3.546,0.355,1895.280,189.528,19.795,1.980,0.438,0.044,37.765,3.776,7.183,0.718,9.861,0.986,44.396,4.440,1.258,0.126,25.717,2.572,1.136,0.114,3.620,0.362,6.089,0.609,23.266,2.327,38.427,3.843,64.723,6.472,21.882,2.188,0.023,0.002,55.561,5.556,4.914,0.491,0.030,1
,,,,,,,,,,,,,,,,,,,,,,,,,,,,,,,,,,,,,,,,,,,,,,,,,,,,,,
0,4.000,0.400,0.000,0.000,1.110,0.111,6.060,0.606,11.170,1.117,4.470,0.447,2.500,0.250,72.550,7.255,6.210,0.621,0.970,0.097,0.230,0.023,0.650,0.065,1.500,0.150,8.170,0.817,5.220,0.522,10.840,1.084,5.750,0.575,2.230,0.223,2.120,0.212,3.420,0.342,8.980,0.898,10.700,1.070,5.200,0.520,2.320,0.232,7.620,0.762,0.270,0.027,0.002,0
12,4.617,0.462,78.803,7.880,0.998,0.100,8.579,0.858,8.633,0.863,3.255,0.325,2.629,0.263,262.047,26.205,6.678,0.668,0.996,0.100,3.943,0.394,3.402,0.340,1.804,0.180,12.306,1.231,10.341,1.034,11.587,1.159,5.042,0.504,2.361,0.236,2.856,0.286,3.270,0.327,9.329,0.933,19.020,1.902,7.902,0.790,2.041,0.204,7.874,0.787,0.294,0.029,0.002,0
24,6.970,0.697,69.413,6.941,2.821,0.282,7.971,0.797,8.793,0.879,2.138,0.214,2.471,0.247,259.148,25.915,7.806,0.781,0.696,0.070,9.656,0.966,1.210,0.121,2.627,0.263,12.100,1.210,14.996,1.500,10.868,1.087,4.905,0.491,2.205,0.221,5.067,0.507,6.691,0.669,11.889,1.189,18.813,1.881,7.039,0.704,1.911,0.191,12.834,1.283,0.318,0.032,0.002,0
36,8.637,0.864,48.051,4.805,6.617,0.662,12.115,1.211,7.200,0.720,1.704,0.170,2.478,0.248,426.399,42.640,7.208,0.721,0.517,0.052,12.153,1.215,0.738,0.074,2.367,0.237,13.030,1.303,18.639,1.864,14.964,1.496,4.588,0.459,2.573,0.257,6.518,0.652,6.417,0.642,16.201,1.620,22.869,2.287,10.314,1.031,1.347,0.135,16.449,1.645,0.343,0.034,0.002,0
48,12.246,1.225,37.188,3.719,5.032,0.503,10.315,1.031,5.752,0.575,0.434,0.043,2.276,0.228,471.070,47.107,5.718,0.572,0.484,0.048,9.063,0.906,2.340,0.234,3.049,0.305,17.311,1.731,21.424,2.142,14.408,1.441,4.021,0.402,2.842,0.284,6.912,0.691,7.815,0.781,17.582,1.758,26.904,2.690,7.692,0.769,1.387,0.139,15.455,1.546,0.367,0.037,0.002,0
60,13.516,1.352,50.851,5.085,6.453,0.645,12.611,1.261,5.084,0.508,0.402,0.040,2.897,0.290,672.445,67.244,7.503,0.750,0.615,0.061,9.582,0.958,4.215,0.421,4.461,0.446,17.498,1.750,18.731,1.873,14.497,1.450,3.181,0.318,1.893,0.189,13.651,1.365,9.698,0.970,17.794,1.779,24.218,2.422,7.613,0.761,1.220,0.122,18.075,1.808,0.392,0.039,0.002,0
72,14.484,1.448,48.598,4.860,8.909,0.891,11.677,1.168,3.739,0.374,0.361,0.036,2.608,0.261,817.728,81.773,8.773,0.877,0.758,0.076,15.117,1.512,5.478,0.548,4.151,0.415,23.248,2.325,16.788,1.679,16.201,1.620,3.044,0.304,2.461,0.246,12.915,1.292,8.702,0.870,20.229,2.023,28.397,2.840,9.448,0.945,0.826,0.083,24.718,2.472,0.417,0.042,0.002,0
84,15.800,1.580,27.587,2.759,8.001,0.800,11.485,1.149,2.274,0.227,0.000,0.000,2.473,0.247,739.538,73.954,6.280,0.628,0.686,0.069,13.028,1.303,4.575,0.457,3.709,0.371,28.245,2.824,11.062,1.106,17.199,1.720,2.800,0.280,2.641,0.264,18.593,1.859,12.023,1.202,22.041,2.204,29.877,2.988,8.826,0.883,0.888,0.089,26.415,2.642,0.442,0.044,0.002,0
96,13.866,1.387,44.214,4.421,10.914,1.091,13.738,1.374,1.422,0.142,0.000,0.000,2.760,0.276,1015.127,101.513,6.909,0.691,0.923,0.092,18.133,1.813,5.262,0.526,4.374,0.437,22.058,2.206,7.827,0.783,16.948,1.695,2.103,0.210,2.445,0.244,16.967,1.697,13.346,1.335,22.655,2.266,34.625,3.463,9.526,0.953,0.778,0.078,32.754,3.275,0.526,0.053,0.015,1
108,9.104,0.910,316.565,31.657,7.825,0.782,15.959,1.596,0.467,0.047,0.000,0.000,2.919,0.292,1100.745,110.074,9.873,0.987,0.453,0.045,22.548,2.255,6.590,0.659,6.023,0.602,33.558,3.356,6.834,0.683,20.158,2.016,1.651,0.165,2.825,0.282,20.484,2.048,17.131,1.713,27.593,2.759,37.216,3.722,16.049,1.605,0.181,0.018,37.474,3.747,0.706,0.071,0.015,1
120,8.439,0.844,430.719,43.072,8.679,0.868,22.385,2.239,0.000,0.000,0.000,0.000,2.622,0.262,1322.416,132.242,12.836,1.284,0.451,0.045,26.989,2.699,5.640,0.564,6.677,0.668,35.620,3.562,2.100,0.210,21.052,2.105,1.221,0.122,2.978,0.298,16.711,1.671,16.865,1.686,29.334,2.933,46.005,4.600,17.700,1.770,0.154,0.015,38.270,3.827,0.886,0.089,0.015,1
132,7.077,0.708,443.966,44.397,8.034,0.803,17.746,1.775,0.763,0.076,0.347,0.035,2.946,0.295,1388.205,138.820,13.118,1.312,0.478,0.048,30.023,3.002,5.782,0.578,7.530,0.753,34.529,3.453,4.330,0.433,21.711,2.171,1.303,0.130,2.922,0.292,16.728,1.673,19.321,1.932,35.203,3.520,44.110,4.411,20.119,2.012,0.150,0.015,42.917,4.292,1.066,0.107,0.015,1
144,4.514,0.451,314.657,31.466,7.405,0.740,20.423,2.042,0.768,0.077,0.000,0.000,2.859,0.286,1619.315,161.932,15.317,1.532,0.473,0.047,31.701,3.170,5.965,0.596,8.086,0.809,40.521,4.052,1.319,0.132,23.817,2.382,1.706,0.171,3.257,0.326,14.552,1.455,17.884,1.788,31.220,3.122,51.900,5.190,19.022,1.902,0.032,0.003,42.914,4.291,1.246,0.125,0.015,1
156,6.721,0.672,327.102,32.710,6.473,0.647,20.092,2.009,0.068,0.007,0.302,0.030,3.330,0.333,1550.465,155.047,14.720,1.472,0.682,0.068,31.625,3.162,6.990,0.699,7.293,0.729,37.007,3.701,1.823,0.182,24.696,2.470,1.131,0.113,3.415,0.341,17.895,1.789,19.979,1.998,37.951,3.795,52.467,5.247,19.315,1.931,0.264,0.026,48.613,4.861,1.426,0.143,0.015,1
168,2.307,0.231,280.832,28.083,7.314,0.731,21.614,2.161,0.000,0.000,0.309,0.031,3.066,0.307,1633.167,163.317,13.509,1.351,0.576,0.058,30.291,3.029,10.063,1.006,7.964,0.796,35.386,3.539,0.000,0.000,22.415,2.241,0.943,0.094,3.260,0.326,13.190,1.319,21.417,2.142,34.318,3.432,56.253,5.625,16.293,1.629,0.156,0.016,43.300,4.330,1.606,0.161,0.015,1
180,4.790,0.479,353.024,35.302,7.724,0.772,19.896,1.990,0.000,0.000,0.630,0.063,2.838,0.284,1565.499,156.550,15.714,1.571,0.836,0.084,31.152,3.115,9.980,0.998,8.258,0.826,37.973,3.797,1.537,0.154,25.990,2.599,1.558,0.156,3.325,0.332,15.939,1.594,19.841,1.984,36.042,3.604,59.024,5.902,18.795,1.880,0.000,0.000,50.587,5.059,1.786,0.179,0.015,1
192,3.410,0.341,275.802,27.580,6.996,0.700,25.364,2.536,0.157,0.016,0.000,0.000,3.064,0.306,1565.556,156.556,17.385,1.739,0.624,0.062,33.971,3.397,12.128,1.213,8.173,0.817,42.791,4.279,0.599,0.060,25.028,2.503,1.393,0.139,3.171,0.317,15.435,1.543,20.955,2.096,38.443,3.844,61.518,6.152,18.250,1.825,0.088,0.009,50.336,5.034,1.966,0.197,0.015,1
204,2.889,0.289,299.538,29.954,7.442,0.744,24.842,2.484,0.000,0.000,0.000,0.000,3.195,0.320,1680.096,168.010,18.178,1.818,0.856,0.086,29.467,2.947,12.473,1.247,8.108,0.811,42.842,4.284,1.916,0.192,24.768,2.477,0.963,0.096,3.528,0.353,11.424,1.142,22.911,2.291,38.404,3.840,59.152,5.915,13.896,1.390,0.178,0.018,51.683,5.168,2.146,0.215,0.015,1
216,3.734,0.373,249.597,24.960,4.411,0.441,23.509,2.351,0.000,0.000,0.419,0.042,3.542,0.354,1589.570,158.957,18.871,1.887,0.345,0.034,31.868,3.187,15.471,1.547,9.376,0.938,44.720,4.472,0.000,0.000,23.213,2.321,0.891,0.089,3.307,0.331,12.971,1.297,20.465,2.046,36.584,3.658,60.483,6.048,12.644,1.264,0.068,0.007,48.544,4.854,2.326,0.233,0.015,1
228,2.278,0.228,262.070,26.207,5.595,0.560,23.344,2.334,0.081,0.008,0.000,0.000,3.144,0.314,1556.686,155.669,18.979,1.898,0.682,0.068,31.413,3.141,16.050,1.605,9.194,0.919,43.781,4.378,0.000,0.000,25.117,2.512,1.528,0.153,3.431,0.343,11.907,1.191,20.290,2.029,39.335,3.933,64.327,6.433,13.984,1.398,0.102,0.010,51.076,5.108,2.506,0.251,0.015,1
240,2.099,0.210,172.119,17.212,4.022,0.402,23.529,2.353,0.000,0.000,0.000,0.000,3.263,0.326,1665.944,166.594,19.403,1.940,0.673,0.067,34.175,3.417,17.031,1.703,8.512,0.851,45.999,4.600,0.000,0.000,25.512,2.551,1.108,0.111,3.593,0.359,15.685,1.568,22.698,2.270,35.449,3.545,65.820,6.582,10.891,1.089,0.110,0.011,50.812,5.081,2.686,0.269,0.015,1